seconds_elapsed,accelerometer_z,accelerometer_y,accelerometer_x,location_altitude,location_longitude,location_latitude,gyroscope_z,gyroscope_y,gyroscope_x
201,-0.009704453,0.04166729,-0.015114591,71.46822103,-9.060868967,53.28258887,-0.02190806,-0.032683938,7.60E-04
202,0.005779724,-0.060869055,-0.150540587,71.17098999,-9.0609319,53.2825833,0.038151497,0.027942871,0.002394948
203,0.072912163,-0.024635919,-0.039662894,71.12432861,-9.0609821,53.2825793,-0.021312673,0.00295258,-0.003777251
204,0.010719337,0.018394909,-0.031702993,71.22709147,-9.061051233,53.2825744,-5.66E-04,-0.03381578,0.005193928
205,0.045157022,-0.058268821,-0.127058005,70.90155029,-9.06113105,53.2825694,0.028585958,0.044297461,-9.35E-04
206,-0.020732815,-0.010488901,0.013742043,70.82739258,-9.06119205,53.2825663,-0.003497647,-0.021898144,0.002450874
207,0.05091216,0.038643799,-0.058490103,70.96871948,-9.06124475,53.2825642,-0.001125403,-0.014553073,0.006435039
208,0.005304307,-0.025015125,-0.079552462,71.31821696,-9.061319833,53.28255947,-0.015868017,0.017356816,-0.004902107
209,0.184802642,-0.034879628,-0.182217988,71.32775879,-9.06139725,53.28255285,0.020939261,0.015398235,-0.003687602
210,-0.29712783,-0.122706647,0.066235282,71.09611003,-9.061457267,53.28254697,-0.039919004,-0.002417139,-0.011661203
211,0.2078746,0.109633646,0.137894215,70.72207642,-9.0615397,53.28254015,-0.017151659,-0.073062752,0.009952988
212,0.011582113,-0.091788655,-0.304935263,70.41322835,-9.061609233,53.28253703,0.091375856,0.072532221,-0.003874812
213,-0.05372566,0.120960727,-0.157473971,70.37231445,-9.061675,53.28253535,-0.024968032,0.015149058,0.013644132
214,0.173562815,0.018325173,-0.069966884,70.51523844,-9.0617483,53.2825311,-0.005800434,-0.026779871,0.012671048
215,-0.061197752,0.011214924,-0.095346745,70.26953125,-9.06182175,53.2825261,-0.004320562,-6.97E-04,-0.001517232
216,0.095146822,-0.032928103,0.072196939,70.40423584,-9.0618809,53.28252,-0.006773413,-0.01043704,0.006883293
217,0.048893708,-0.060193801,0.053997406,70.21211751,-9.061957633,53.28251373,-0.020943997,0.002704116,-0.00897674
218,0.070033634,-0.026001694,-0.280256947,70.29121908,-9.0620343,53.28251003,0.051061961,-0.004235312,0.009282773
219,0.011991798,-0.042922139,-0.170527421,70.33959961,-9.0620986,53.2825051,0.028835767,0.067762422,0.003364338
220,0.102683582,-0.046401272,0.095347216,70.20979818,-9.062162167,53.2824992,-0.057882009,0.004818664,-0.010441477
221,-0.025692854,0.047146146,0.094393704,70.30419922,-9.062239333,53.28249337,-0.001734502,-0.072839337,0.003305168
222,0.026280961,-0.040274377,-0.057478799,70.31677246,-9.062313367,53.28248977,0.006129675,0.024512723,0.001385611
223,-0.020482421,0.031810746,-0.232541935,70.14315796,-9.06238245,53.2824856,0.066207688,-0.030268346,0.01593276
224,-0.069111624,0.017445993,-0.084169734,70.11889648,-9.06243645,53.2824818,-0.041586143,0.035948328,-0.001131073
225,0.087941248,-0.048984461,-0.010125824,70.13315837,-9.0625191,53.2824726,-0.03067592,0.020247296,-0.01231518
226,-0.085526443,0.027204013,-0.023423589,70.08120728,-9.0625995,53.2824642,0.02859342,-0.009367983,0.004219212
227,0.07062351,0.090936005,-0.036141657,70.19610596,-9.06266075,53.28245995,-0.011928336,-0.012865526,0.002050053
228,-0.011002911,-0.245007434,-0.211657397,70.16351318,-9.062743567,53.28245667,0.055179735,0.012443291,-0.012010079
229,-0.040264384,0.191095896,-0.200008204,70.07766724,-9.06281415,53.28245015,-0.047487696,0.006163561,0.023314057
230,0.06056277,-0.037864652,-0.054826435,70.07928467,-9.0628717,53.2824424,0.039618284,0.022675778,0.01288463
231,-0.077355009,0.010215216,0.108827572,70.06750488,-9.0629665,53.2824371,-0.065059223,-0.02476903,-0.008188445
232,0.140773995,0.091646907,0.042193254,70.28314209,-9.0630519,53.282436,0.020377628,-0.044836617,0.005839124
233,-0.084757025,-0.0836131,-0.146752678,69.52728271,-9.0631224,53.2824382,0.022135257,0.024419513,0.003039429
234,0.00733669,-0.08329086,-0.11585526,69.76635742,-9.0632047,53.2824387,-8.85E-04,0.004742961,-0.003771978
235,0.165519823,0.019908185,-0.032478626,69.30895996,-9.063289,53.2824363,-0.007476403,-0.01449989,0.004576075
236,-0.156401334,0.061114873,-0.06953163,69.19677734,-9.0633793,53.2824312,0.015544388,-0.020330282,0.003792975
237,0.181894475,-0.09141602,-0.080228872,68.77337646,-9.063465,53.2824196,0.027112702,0.02375905,0.007063466
238,-0.048240013,-7.03E-04,-0.098341786,67.86230469,-9.0635541,53.2824059,-0.038076098,0.009449899,-0.005501318
239,0.136328122,-0.10139995,-0.200033177,67.4644165,-9.0636433,53.2824032,0.005485031,0.018066668,0.004019737
240,-0.006045842,0.069926152,0.028170314,66.52355957,-9.0637178,53.2823978,0.010912708,-0.017104458,0.006823782
241,0.194224142,-0.082296357,-0.086832354,66.5088501,-9.0638025,53.2823961,0.020630759,0.024605907,0.001454141
242,-0.026240486,0.020149965,-0.122475256,68.36767578,-9.0638963,53.2824019,0.003304065,0.007953202,0.00603016
243,0.193965727,-0.073964586,-0.030737654,67.99316406,-9.0639895,53.2823902,0.003362417,0.012766717,-0.002606517
244,0.116811914,-0.044743185,-0.118591518,67.99804688,-9.0640962,53.282377,0.003288082,0.00558299,0.002309727
245,0.113687338,-0.058172778,-0.107876872,66.57250977,-9.0641867,53.2823654,0.006916811,0.025125356,-1.70E-04
246,0.076988748,-0.054523277,-0.022137416,66.26043701,-9.064268,53.2823529,0.013253624,0.028685894,-3.12E-05
247,0.126984293,-0.004672751,-0.103639058,66.52099609,-9.0643487,53.2823425,0.01186612,0.023002711,0.010717319
248,0.106143765,-0.079909801,0.030798478,66.19232178,-9.0644361,53.2823311,-4.21E-04,0.004998731,-0.001488517
249,0.283001859,-0.041362195,-0.096701377,66.86456299,-9.064524,53.2823197,0.039792001,0.030614021,0.006893024
250,0.005291235,-0.14193066,-0.014856959,67.46044922,-9.0646049,53.2823055,-0.009729252,0.004081126,0.003632125
251,-0.023269157,0.024665279,0.067993252,67.23596191,-9.0646815,53.2822883,-0.049221418,0.021684451,-0.019163327
252,0.068214787,0.146186687,0.040631107,67.49377441,-9.06475395,53.2822707,0.031399412,-0.027091014,0.008903074
253,0.174984154,-0.136648846,-0.150213517,66.7979126,-9.0648245,53.2822549,0.044002455,0.036014908,0.012938391
254,0.094528777,-0.095612413,-0.070715576,66.41558838,-9.0648956,53.2822359,-0.03179128,0.048545333,-0.001056086
255,0.154367822,-0.088590479,0.097417737,66.20874023,-9.0649617,53.2822187,0.028039481,-0.013437289,-4.60E-04
256,0.190037105,0.090890875,-0.08374812,66.11755371,-9.065022,53.2822043,0.028100732,0.015657722,0.018813319
257,0.006069827,-0.07420512,0.018273902,66.09472656,-9.065078,53.2821925,-0.049747829,0.01616027,-0.002566967
258,0.430615878,-0.126117592,0.030793083,66.1472168,-9.0651287,53.2821797,0.010822158,-0.038164718,-4.44E-04
259,0.529717528,-0.225433449,0.069537548,66.67614746,-9.0651792,53.2821654,0.015027572,0.062180183,-0.00605544
260,0.43090728,-0.13458941,0.038345073,66.85144043,-9.065193367,53.2821574,0.043605645,0.063040642,0.013241993
261,0.477483179,-0.185753317,0.144108054,67.02392578,-9.0652197,53.28214955,0.036562249,-0.038228819,0.031571566
262,-0.512845476,0.121828737,-0.048057532,66.93093872,-9.06523095,53.28214615,-0.002845169,-0.006257414,-0.003349487
263,-0.090347554,0.021057629,-0.021104929,66.21899414,-9.065224,53.2821497,0.017218752,0.001697468,0.003698049
264,-0.076161332,0.026400547,-0.083184907,65.86486816,-9.06522,53.2821508,0.035901127,-9.98E-04,0.007870401
265,0.064164654,-0.017941456,-0.008411787,65.79858398,-9.0652195,53.2821512,0.056045261,0.070303076,0.004831737
266,0.031121282,-0.012359855,0.02102312,65.60742188,-9.065219,53.282151,-0.015358798,0.003696155,-0.001219567
267,-0.058243606,0.029051094,-0.070855619,66.14263916,-9.0652188,53.2821514,-0.024456703,-0.003053634,-0.002318845
268,0.01940241,-0.001038098,-0.012308979,66.25250244,-9.0652189,53.2821519,0.014850914,-0.001152903,0.002395474
269,1.72E-04,-0.004997253,0.014611371,66.53479004,-9.0652204,53.2821523,-0.001095473,0.005212811,-1.11E-04
270,0.006474913,-0.002606921,-0.001428445,65.79309082,-9.0652193,53.2821521,0.003362417,0.003516854,4.84E-04
271,2.94E-04,0.003439035,-0.029549987,66.0168457,-9.0652165,53.282152,-0.003582864,0.002938474,-2.76E-04
272,0.003661493,-7.03E-04,-0.002884097,66.73547363,-9.0652131,53.2821516,0.00257929,-3.04E-04,7.55E-04
273,0.003675058,0.001137562,-0.010385025,66.58605957,-9.0652094,53.2821512,0.003059054,0.001186115,6.80E-04
274,0.002227659,-0.002058372,-0.008157499,66.57739258,-9.0652075,53.2821512,0.005769993,-4.81E-04,9.91E-04
275,-0.002251939,6.16E-04,-9.01E-04,68.18261719,-9.0652043,53.2821511,-5.25E-04,2.31E-04,-2.59E-04
276,-0.002418239,-7.55E-04,0.016472945,67.72241211,-9.0652009,53.2821503,-0.010372504,6.87E-05,-0.001167129
277,4.19E-04,8.17E-04,0.004688373,67.09643555,-9.0651981,53.2821495,-0.008445748,0.002962278,-0.001279008
278,-0.002811069,0.003727856,-5.23E-04,66.80029297,-9.0651954,53.2821484,-0.006311187,9.90E-04,-7.44E-04
279,-0.002351218,-0.003068225,0.027839272,66.48156738,-9.0651937,53.2821468,0.003340707,-4.18E-04,2.64E-04
280,0.001141291,0.001762123,0.001342518,66.52526855,-9.0651932,53.2821454,-0.00573815,0.002470229,-9.00E-04
281,-0.373307108,0.138520165,-0.178511997,66.47473145,-9.0651904,53.2821441,0.029481069,-0.02274378,0.007911864
282,-1.446813761,0.298880224,-0.145549001,66.48291016,-9.0651926,53.2821474,-0.145106869,-0.050821225,-0.034463104
283,-0.220636516,0.105989695,-0.559426308,66.46221924,-9.0651932,53.2821489,0.071506477,0.076142202,0.01166813
284,-0.003750908,0.123967487,0.067554753,66.50323486,-9.065195,53.2821498,-0.111988039,-0.037889508,-0.002537736
285,-0.01659822,-0.077556567,-0.23758666,66.50054932,-9.0652478,53.2821333,0.090481484,0.054900854,0.017766765
286,0.468882021,-0.136461159,0.072638849,66.38598633,-9.0652472,53.2821317,-0.032873761,0.030511488,-3.70E-04
287,0.208560508,-0.083065338,-0.056787283,66.13101196,-9.065333,53.2821074,0.028760115,-0.017768763,0.005154044
288,0.184265501,-0.078344685,0.073531286,66.01278687,-9.0654116,53.2820861,-0.028024704,-0.043640346,-4.84E-04
289,0.184724736,-0.058923459,-0.163416307,66.05859375,-9.065474467,53.2820655,0.037822843,0.00803991,-0.009703718
290,0.084447235,0.024789229,-0.117251414,67.44641113,-9.06553995,53.2820458,-0.004053637,0.036214865,0.006482722
291,0.239079821,-0.040922618,0.215777777,69.00411987,-9.0655951,53.28202835,-0.084559954,-0.134803941,0.007327183
292,0.207654927,-0.002063689,-0.185902387,69.21803792,-9.0656627,53.28200707,0.019937067,0.041387981,0.022938616
293,0.224013915,-0.144572508,-0.173449336,69.23657227,-9.065716633,53.28199123,-0.00449926,0.006118528,1.57E-04
294,-0.027636476,0.053236642,-0.035802608,69.38376872,-9.065769733,53.28197393,-0.008548079,-0.044749226,0.017548383
295,0.100018376,-0.136499825,-0.303661299,69.7689209,-9.065832733,53.28195383,0.100887999,0.082672477,0.003424045
296,-0.154821256,0.021095285,0.013821622,69.95662435,-9.065884967,53.28193413,-0.067244096,0.009989335,0.004751907
297,0.104153097,-0.028168381,0.11584517,69.96759033,-9.0659518,53.2819112,0.012075612,0.007858817,-0.005585866
298,0.003299178,0.030295019,-0.07508317,70.04829915,-9.065998467,53.2818985,0.037034552,-0.027422709,0.012309955
299,0.102303504,0.035401538,-0.092238112,70.4868571,-9.066063833,53.2818793,-0.008467626,0.016462666,0.004460307
300,-0.025515176,-0.071361046,-0.169602972,70.99163818,-9.0661231,53.28186335,0.024323295,0.059617308,0.004863763
301,0.070319606,0.041699815,-0.18648006,71.37506104,-9.066178367,53.28184863,0.008421573,0.002156994,0.008224668
302,0.06692208,-0.07485258,0.033168959,71.24246216,-9.0662375,53.2818304,-0.071357727,-0.028217756,-0.019898366
303,-0.022724963,0.059962349,0.135640235,70.82792155,-9.066292033,53.28181327,-0.003943471,-0.071540599,0.012701439
304,-0.03232363,0.053273116,-0.119878121,69.96146647,-9.066351333,53.28179337,0.034978778,-0.028795212,0.011661383
305,0.057466613,-0.067656307,-0.237506146,69.63061523,-9.0664085,53.28177595,0.040174414,0.084121031,0.007803889
306,0.112177544,-0.026209959,-0.039788938,69.14019775,-9.0664585,53.2817599,-0.017084658,0.029949851,0.001098399
307,0.046126335,-0.046042047,0.021892895,67.90881348,-9.06653365,53.2817364,-0.012779834,0.012860229,-0.007690368
308,4.88E-04,0.02470261,-0.13735267,67.07926432,-9.066581333,53.28172007,0.002699182,-0.046068829,0.00665148
309,0.066692387,-0.026473756,-0.10238393,66.29455566,-9.066642067,53.2817001,3.80E-05,-0.004825807,0.005636079
310,-0.06214815,0.023866343,-0.12884041,66.31185913,-9.0667004,53.28168065,0.022722738,0.00549926,0.004765225
311,-0.066518806,0.009369506,-0.014401003,66.17004395,-9.066749167,53.2816618,0.007437496,0.011442214,0.00255918
312,0.076922892,-0.055905862,-0.129970658,65.78601074,-9.06680595,53.2816401,0.016107451,0.037236122,-8.38E-04
313,0.070310648,-0.26185827,-0.13745457,66.0014445,-9.066861533,53.28162047,0.006232484,0.083434518,-0.010978105
314,-0.057948723,0.16704474,-0.117051055,65.94256592,-9.0669212,53.2815952,0.038960013,-0.012743379,-0.002404002
315,0.204707908,0.004931176,0.004987188,65.85139974,-9.0669653,53.28157947,-0.061820451,-0.003613859,0.014688416
316,-0.133302828,0.087769651,-0.048941276,66.63736979,-9.0670279,53.28154967,0.004940822,-0.009193392,0.009694727
317,0.15820608,-0.067316683,0.149342529,66.93099976,-9.0670893,53.28151915,-0.004472887,-0.002277006,-0.008955687
318,-0.05009683,-0.018097148,-0.178222846,67.05350749,-9.0671398,53.28149213,0.0560282,0.063633351,0.022613714
319,0.127521037,0.001002641,-0.093039371,66.99200439,-9.06719195,53.2814684,-0.015810507,-0.015979116,0.003305813
320,0.157112975,-0.016934942,-0.166484015,67.04754639,-9.067247067,53.28144167,0.016136271,0.011423758,0.005174876
321,-0.078347046,0.003532696,0.082037359,67.04644775,-9.06729295,53.2814209,-0.027073009,-5.61E-05,0.012962425
322,0.169543149,-0.083467871,0.175702042,67.07757568,-9.0673381,53.2813959,4.45E-04,0.011537141,-0.027009796
323,-0.08057448,-0.013372588,-0.311230564,67.01205444,-9.0673928,53.2813686,0.075514532,0.070845185,0.024491243
324,0.028238625,0.005322513,-0.304476353,67.44424438,-9.06744575,53.28134565,0.027044671,0.03531308,0.001454365
325,0.09557969,-0.036788669,-0.011656716,68.05997721,-9.0674984,53.28132127,-0.0787303,-0.002138684,-0.008497305
326,-0.128893899,0.114694133,0.164584656,68.11584473,-9.06753995,53.2812783,-0.009498616,-0.057174995,0.017818289
327,0.080303367,-0.131232891,0.051093584,68.1986084,-9.0675932,53.2812262,0.069727484,0.044439962,0.01938863
328,0.011598667,0.048278313,-0.150625224,67.58850098,-9.0676358,53.2811946,-0.026361942,0.032317267,-0.00733883
329,0.083150159,-0.170066819,-0.16905669,67.51159668,-9.0676669,53.28117935,-0.017395806,0.033164094,0.007872314
330,-0.106803548,0.110851941,0.018941322,68.63995361,-9.0677228,53.28114135,0.026805359,-0.027342815,-0.002052461
331,0.089257483,0.012086018,0.005971137,69.37943522,-9.0677662,53.28110903,-0.003563194,0.042564261,0.006016014
332,-0.056804633,-0.01903266,-0.098610673,68.88430786,-9.06781875,53.28107185,0.003065961,-0.012948441,-0.005469293
333,0.110888217,-0.007488175,-0.056184056,68.23364258,-9.0678669,53.2810278,0.019445443,-0.025404298,0.008737181
334,0.107841854,-0.009386702,-0.10671131,67.78735352,-9.0679162,53.2809947,0.055034842,0.063814446,0.008110153
335,-0.027947363,-0.099202062,-0.027161115,68.39294434,-9.06794535,53.280968,-0.066247626,0.032591917,-0.014851549
336,0.131946341,0.012077446,0.006937668,69.36761475,-9.0679997,53.280923,0.028323359,-0.025896719,0.009234004
337,-0.023251969,-0.001561246,-0.078201414,69.1003418,-9.0680408,53.2808928,0.013004871,-0.001129342,-7.32E-04
338,0.018723906,-0.014950696,-0.250935844,69.08584595,-9.06805815,53.28086935,0.078322346,0.090725245,0.017240832
339,0.069872601,-0.054273853,0.067404784,69.0713501,-9.0680991,53.28083,-0.080970015,0.012596578,-0.016073994
340,0.070969782,-0.02462956,-0.046148792,68.41638184,-9.06814315,53.28078715,0.006651734,-0.035400373,0.004760901
341,0.030389075,0.057538161,0.16072125,67.99108887,-9.06817385,53.2807517,0.006906236,-0.028269594,0.004640057
342,0.018847179,-0.053724572,-0.210161353,68.26895142,-9.0682134,53.2807099,0.042024284,0.052101533,0.003062807
343,0.044301796,-0.072630591,-0.132551499,68.53729248,-9.06824645,53.280675,0.00138817,0.074059619,-0.002662325
344,-0.023721372,0.099388174,0.086940243,68.63053385,-9.068281267,53.2806371,-0.028937032,-0.041072109,0.00149128
345,-0.022102621,-0.062035532,0.080952331,68.62896729,-9.068323733,53.28059653,0.021044947,0.011853555,-0.001573091
346,-0.025935472,0.018504977,-0.203711147,68.98303223,-9.0683726,53.2805439,0.026091634,0.008207691,0.002224572
347,0.08042338,-9.61E-04,-0.087255506,68.87023926,-9.0684034,53.2805089,-0.02346569,0.026972914,5.87E-04
348,-0.039431143,-0.00886888,-0.0679794,68.76037598,-9.0684082,53.280485,0.038054542,0.031547615,0.005268562
349,0.102078196,-0.052859415,0.011018952,68.63244629,-9.06844205,53.28044325,-0.003220411,0.003117867,-0.005546315
350,0.023181812,0.025520654,-0.206146278,66.98370361,-9.0684838,53.2803948,0.053104051,0.054200443,0.007976995
351,0.086671062,-0.012717134,0.127932031,66.90325928,-9.06849065,53.2803691,-0.085029485,-0.035793254,-0.009295832
352,0.208856916,-0.075627303,-0.005610468,66.07885742,-9.0685316,53.2803143,-0.002912836,0.022468903,0.003782519
353,-0.19278375,0.049174328,-0.200395142,65.93518066,-9.0685606,53.280273,0.083266329,-0.001865665,0.018021323
354,0.080561156,-0.031521316,-0.075053637,66.83514404,-9.0685679,53.28024085,0.005630584,0.048775591,7.04E-04
355,0.063796133,-0.064591746,0.134798949,67.47434489,-9.068598067,53.28018713,-0.055187974,-0.013648854,-0.00324822
356,0.067330473,0.075903605,0.073579367,66.40759277,-9.0686235,53.280132,0.016196917,-0.002416757,-3.02E-05
357,0.068745801,-0.08196444,-0.156326814,66.69506836,-9.0686439,53.2800844,0.004269711,-0.008570209,0.004096771
358,0.043850448,0.016178457,-0.104354855,66.42602539,-9.0686602,53.2800437,-0.016950183,-0.00466594,-0.002785594
359,-0.130640725,-0.00405767,-0.036456261,66.0831604,-9.06867815,53.280018,0.051040104,0.035976448,0.008040907
360,-0.029686789,2.97E-05,0.085573161,66.04888916,-9.06869475,53.27997225,-0.06091867,-0.008193966,0.007073366
361,0.122345449,0.02124332,-0.042773406,66.38769531,-9.0687181,53.27992265,0.03799595,0.037134922,0.00224055
362,0.09015229,-0.075501093,0.078038034,66.14245605,-9.06873545,53.27986785,-0.031558005,-0.059574474,-0.001501478
363,0.091503595,-0.019757195,-0.193549608,65.80082194,-9.068745433,53.2798312,0.001923464,-0.009148117,-0.004694314
364,-0.019733402,0.053811226,-0.115560572,65.70340983,-9.068764133,53.2797867,0.01228848,-0.018783424,0.014360586
365,-0.111168687,0.006402294,-0.113480211,65.1204834,-9.0687901,53.2797414,0.016935216,0.031131131,0.007381866
366,-0.017061632,-0.060458884,-0.128063602,65.06869507,-9.0688067,53.2797065,0.031654971,0.04314567,-9.71E-04
367,0.01250433,0.028527217,0.138809057,64.60691325,-9.068828667,53.27965447,-0.039766336,-0.034466953,0.006013377
368,0.144526266,-0.069046001,-0.066624772,64.25610352,-9.06884855,53.27960815,-0.017765272,0.006961331,2.75E-04
369,0.213991674,-0.026972695,-0.27586142,64.05232747,-9.068864933,53.27957087,0.066111359,0.022086935,0.026728006
370,0.103480068,-0.163248515,-0.518083552,63.82025146,-9.06890105,53.27952345,0.050693889,0.079095649,0.00116996
371,0.201316256,0.057723064,-0.466342756,64.02372233,-9.068913467,53.27948833,0.075097548,0.139922486,0.037641682
372,0.23468659,-0.112282128,-0.218205627,64.62911987,-9.06891355,53.2794463,0.05227048,0.141171217,-0.021770491
373,0.324170213,-0.072957382,0.076269189,64.43123372,-9.068903167,53.279415,-0.041131825,0.102334373,0.021455236
374,0.225821332,-0.055088411,-0.199758445,64.45355225,-9.068878967,53.2793735,0.106441082,0.113760249,0.022021328
375,0.074212188,-0.345389266,-0.081227991,65.05887858,-9.0688499,53.27933567,0.033953277,0.17854865,-0.002832774
376,0.270714793,-2.45E-04,0.144098416,64.71193441,-9.068811433,53.279299,-0.020449206,0.038158177,-0.015684778
377,0.849217449,-0.162160063,0.276530549,65.19821167,-9.0687772,53.2792668,0.035684328,0.078863954,-0.004033856
378,1.377624096,-0.514514243,0.449080392,66.61495972,-9.0687388,53.2792358,0.018609577,0.084425945,-0.00802754
379,0.815239356,-0.203792958,0.592668486,67.33164469,-9.068714833,53.27921747,-0.185243338,-0.239029326,-0.033720086
380,0.348860741,0.014444526,0.031694763,67.60028076,-9.068697033,53.27920463,-0.032728738,-0.261444551,0.048552724
381,-0.744926105,0.252187448,-0.29883683,67.50610352,-9.06869995,53.2791996,-0.022463079,-0.0600251,0.028547232
382,-1.388819169,0.621443276,-0.678067668,67.29116821,-9.068702,53.27920445,-0.287114492,-0.425029661,-0.029331198
383,-0.384915431,0.013312137,-0.430403493,67.16183472,-9.06870475,53.27919935,0.080365863,0.224183777,0.102585836
384,0.222956711,0.217670431,0.438837182,67.29924011,-9.068709575,53.27919115,-0.312696777,-0.653129209,0.121528752
385,0.596939139,-0.371760132,-0.325622723,67.66560872,-9.068739967,53.27916803,0.095899193,-0.015331762,0.061077476
386,0.317419645,-0.092179184,-0.845974956,67.61032104,-9.06878575,53.2791499,0.256241805,0.235076851,0.016847976
387,0.129562744,-0.040402063,-0.632833103,67.5133667,-9.06880535,53.27913325,-0.010801195,0.213259547,0.036109707
388,-0.322017704,0.009632711,-0.349782105,67.08010864,-9.0688126,53.27911415,0.133382307,0.269844394,0.006315182
389,0.103859312,0.007271479,-0.209624034,66.4220988,-9.068817433,53.27908903,-0.118047381,0.053773253,0.00538582
390,-0.01426736,0.26760828,0.723303361,65.70141602,-9.068820433,53.27906117,-0.279026474,-0.265852653,0.005529549
391,0.217741205,0.040751734,0.643801336,65.45889282,-9.06883385,53.2790314,-0.050716529,-0.273426682,0.100218157
392,-0.101047122,0.062149973,0.10637213,65.71902466,-9.068871,53.27900635,0.009425636,-0.30860883,0.08158644
393,0.354310684,-0.125126505,-0.142362881,66.29458618,-9.0689089,53.27899115,-0.001583916,-0.064296811,0.0160437
394,0.132452278,-0.11603905,-0.197295205,66.58868408,-9.068939033,53.27898047,-0.037933768,-0.14085619,0.003629717
395,0.30774388,-0.188561354,-0.436189824,66.54678345,-9.06898005,53.2789681,0.058627442,0.09261651,0.013076942
396,-0.103031111,-0.034441197,-0.238302015,66.50512695,-9.0690143,53.27895673,-0.045208671,-0.101786861,-0.073630895
397,-0.16478991,0.112811213,-0.310772285,65.76818848,-9.0690646,53.2789417,0.00247474,0.051212368,0.106300814
398,0.09857015,0.047635461,-0.053855932,65.65658569,-9.06910025,53.27893235,-0.039642407,-0.175305864,0.019729962
399,0.385734215,-0.16589469,-0.425856507,65.73580933,-9.0691604,53.2789236,0.104476379,0.130579831,0.014275363
400,0.054359426,-0.190628695,-0.265705893,66.02932739,-9.0691983,53.27891675,0.017596155,0.003288837,-0.077015057
401,0.010221223,-0.029199274,-0.377199625,65.9323527,-9.069256067,53.27890207,0.009280612,0.175587717,0.086095355
402,0.365002092,-0.085395408,0.229654866,66.69439697,-9.06931085,53.27888395,-0.13570858,-0.072451403,0.055607583
403,-0.335640491,0.054827256,0.235379188,66.00787354,-9.0693516,53.2788692,0.076199726,-0.146214152,-0.010632689
404,0.094569901,-0.054220819,-0.113859046,66.04846191,-9.06938515,53.27885915,-0.066921852,-0.015968468,-0.01146673
405,0.158447886,-0.005485417,-0.266512162,66.08089193,-9.069434767,53.27884487,0.076357934,-0.004035748,0.026224376
406,0.1420197,-0.079849787,-0.196561778,66.22128296,-9.0694909,53.27883145,-0.051893648,0.100163898,-0.001722234
407,0.089580968,-0.015743737,-0.487953056,66.45792643,-9.0695422,53.27881737,0.115532736,-0.046899421,0.0337155
408,0.165276895,-0.040409327,-0.748152547,67.07132975,-9.069604633,53.27879933,0.057239928,0.280670131,0.051599532
409,0.216297101,0.041821833,0.063545549,67.38150024,-9.0696537,53.27877955,0.006330992,0.091828208,0.005806519
410,0.36158618,-0.16781255,0.061453941,67.43148804,-9.06968455,53.2787625,-0.076272704,0.031297247,-0.011737501
411,0.013203757,-0.006746736,-0.05504903,67.5797526,-9.069726167,53.27873293,0.034328776,0.084749533,0.015993102
412,-0.059028313,0.089653917,0.39367813,67.88659668,-9.06975665,53.2787042,-0.046089356,-0.092958882,-0.009849556
413,0.169268172,-0.026025896,-0.162193329,68.14678955,-9.06978145,53.2786784,0.127600589,0.090991978,0.031580571
414,0.198725532,-0.00776111,-0.391767992,68.78065999,-9.0698221,53.27864563,0.055603748,0.098886108,0.019782698
415,0.263848724,-0.140122633,-0.167476066,68.77420044,-9.06986305,53.278609,-0.0496779,0.206834058,0.015822661
416,0.0235666,0.00328529,0.612994372,68.17199707,-9.0698785,53.2785845,-0.148093615,-0.161626191,-0.024789615
417,0.057238755,0.071580749,0.635901956,67.67932129,-9.06989535,53.27856045,-0.080591851,-0.148577797,0.024762884
418,-0.070298498,0.126684589,0.068416907,67.53145345,-9.069931133,53.2785304,0.020355186,-0.221577642,0.049807229
419,0.13265991,-0.09730492,0.044384669,67.59854126,-9.06997675,53.2785068,-0.036660195,-0.004589473,-0.004011702
420,-0.098371536,0.009260497,0.177148156,67.52090454,-9.0700233,53.27848765,-0.051006817,-0.193095158,0.011151479
421,0.101356084,0.186189736,-0.405993329,67.79742432,-9.0700675,53.27847713,0.074794318,-0.075566612,0.067730103
422,0.133005922,-0.103648362,-0.721678736,68.16483561,-9.070128433,53.2784605,0.071051072,0.140675868,0.019897294
423,0.155144066,-0.088498068,-0.700930395,68.22702026,-9.0701783,53.27843605,0.055187139,0.229125121,0.019780062
424,0.096033782,-0.024623837,-0.1788994,68.39538574,-9.0702145,53.27841415,-0.02597845,0.012053292,-0.006414715
425,-0.008980624,0.096689177,0.201234598,68.53723145,-9.0702476,53.27839445,-0.112897729,-0.114467187,-0.00570716
426,0.105673018,-0.015030904,0.048503045,68.63745117,-9.0702976,53.2783613,0.022650829,-0.007422392,0.013889202
427,0.002386409,0.025135078,0.022888636,68.81494141,-9.07034315,53.2783375,-0.003514703,-0.04778256,0.008160746
428,-0.150365382,0.032436805,-0.168536728,68.97753906,-9.070402133,53.2783088,0.064305162,-0.004201865,0.012745097
429,0.169397165,-0.050249743,0.054320085,69.02471924,-9.070457,53.27827765,-0.07085268,-0.0200431,0.014658853
430,0.145366012,-0.089382469,-0.296315986,69.08807373,-9.0704969,53.27825535,0.101976994,0.114548648,0.009683784
431,0.127974195,-0.090788212,0.006283222,69.3423055,-9.0705377,53.27823707,-0.051400964,0.007350152,-0.003362739
432,0.009323713,0.012457682,-0.104360826,69.88785807,-9.070585567,53.27820927,-0.010289649,-0.029417495,0.006071382
433,0.058496991,0.018659706,-0.071873776,70.18375651,-9.0706312,53.2781825,0.001081903,0.024136039,-1.80E-04
434,-0.050383095,0.039806777,-0.080740951,70.17976888,-9.0706799,53.27815583,0.003289824,-0.035882907,0.004386471
435,0.180280839,-0.131852341,0.073823684,70.14074707,-9.0707206,53.2781319,-0.022431123,0.011304942,-0.002838095
436,-0.117929335,-0.034903297,-0.161030597,70.10701497,-9.070762733,53.2781115,0.032845402,-0.042456243,0.017726811
437,0.169955257,0.12386821,-0.372668928,70.12451172,-9.0708194,53.2780791,0.014467181,-0.0210035,0.007176197
438,-0.025256265,-0.100945053,0.298261518,70.94567871,-9.0708561,53.278058,-0.059560881,-0.008208023,-0.001684949
439,-0.041446741,-0.032022405,-0.139558778,70.69165039,-9.0708941,53.27803735,0.084207662,0.04650626,0.013467579
440,0.172047824,0.010976596,-0.088640687,70.35910034,-9.0709378,53.27801825,-0.027126269,0.015097282,-5.13E-04
441,-0.075008111,0.033003807,-0.151836851,70.59030151,-9.0709836,53.2779956,-0.003652846,0.0352788,0.00593954
442,0.001306503,-0.017846313,0.017012938,70.76315308,-9.07102415,53.27797485,-0.031115684,-0.055985091,-0.005903393
443,0.064616549,-0.053318132,-0.07333262,70.46107992,-9.0710724,53.2779498,-0.0070253,-0.039163075,1.18E-04
444,-0.176468378,0.078422737,-0.112418921,70.34495036,-9.071124733,53.27792593,0.032866704,-0.011571594,0.008965024
445,0.103203403,-0.061875243,-0.051013386,70.46447754,-9.0711756,53.2779024,-0.014518881,0.063329748,-0.002992559
446,0.06028643,0.049609968,-0.217218022,70.45083618,-9.07120885,53.2778836,0.087437729,0.005390778,0.032858537
447,0.047572733,-0.064433365,0.007672754,70.42942301,-9.071257067,53.27786397,-0.086562648,0.012282321,-0.019315059
448,-0.041057634,-0.021822467,0.040283158,70.3444519,-9.07130735,53.27783755,-0.042664167,-0.036650216,0.006662021
449,-0.014716136,0.001801739,-0.177338545,70.24853516,-9.07134275,53.27782385,0.060611494,-0.061588382,0.028949366
450,0.087870841,-0.037911755,-0.202495954,70.19441732,-9.071386933,53.27780653,-0.040436084,0.068246595,-0.00419892
451,-0.140570595,0.094322963,-0.004163738,70.0697937,-9.0714327,53.27778145,0.063160137,-0.037548042,0.020792112
452,0.257521544,-0.109717345,-0.068021878,70.21939087,-9.0714772,53.2777615,-0.016791975,0.047473961,-0.003877231
453,-0.011850283,-0.095080047,-0.035209496,70.50643921,-9.07151285,53.27774535,0.012522836,0.029081528,-0.001743538
454,-0.083788463,0.058275874,-0.036369323,71.07602946,-9.071563967,53.27772187,-0.060633897,-0.025910561,-0.00922728
455,-0.206261986,0.047296777,-0.210364666,71.4777832,-9.07160795,53.27770055,0.025239422,-0.015041693,0.026368764
456,0.28500692,-0.049752355,-0.080078931,71.64878337,-9.071648467,53.27768417,-0.015879749,-0.010458389,0.007564201
457,-0.107502282,0.110153661,-0.062029082,71.83632406,-9.071697567,53.27766033,-0.003987718,-0.079648368,0.016921775
458,0.053107376,-0.106620145,-0.163622015,71.96331787,-9.0717458,53.27763615,0.084995377,0.119596969,0.001561442
459,0.037338717,-0.047739808,-0.072217217,71.9597168,-9.071778733,53.2776207,-0.090408539,-0.013725954,-0.023726992
460,-0.045431021,0.01745039,0.060437182,71.94303385,-9.0718249,53.27759907,0.043170469,-0.077492764,0.02128746
461,0.344947141,0.015550528,-0.091501499,71.93289185,-9.07187175,53.2775781,-0.07086992,0.028307128,-0.002809332
462,-0.042063684,-0.114994936,0.036426225,71.76804606,-9.0719177,53.27755473,0.104095553,0.059769105,0.025143711
463,0.083941283,0.004909463,-0.345649486,71.58705648,-9.071966833,53.27753403,-0.009965323,-0.001093086,0.005715417
464,-0.34733882,-0.013284411,-0.20358878,72.02740479,-9.0720068,53.2775142,-0.039589848,-0.011835244,0.006594812
465,0.284891441,-0.068237572,0.380278074,72.47479248,-9.072040733,53.27749273,0.034003869,-0.003757885,0.00688776
466,0.08833942,-0.041288966,-0.437121604,72.98504639,-9.07208975,53.2774621,0.01979877,0.089227545,-0.003697928
467,0.059730729,-0.005074954,0.029324478,73.05401611,-9.072120967,53.2774427,-0.057797871,-0.025923354,-0.013362901
468,-0.027224244,0.055543451,-0.038489789,73.44958496,-9.0721661,53.2774151,-0.002007493,-0.077784154,0.014714784
469,-0.034271719,-0.025400062,-0.097766008,73.58731079,-9.0721964,53.27739705,0.108614929,0.071116827,0.023764198
470,0.178920336,-0.076647334,0.089973132,73.70709229,-9.072232833,53.27737797,-0.108259613,0.003748053,-0.017920777
471,-0.030808189,0.019289546,-0.264216726,73.78462728,-9.072266667,53.27735493,0.062579566,0.023803146,0.020062407
472,0.150914251,-0.117850932,0.0939519,73.8572998,-9.0723002,53.2773349,-0.067534378,0.037414603,-0.004982045
473,-0.147577696,0.216264119,0.100852865,73.83461507,-9.0723263,53.27731807,0.018067532,-0.172069518,0.028216998
474,0.093255156,-0.065945225,-0.245944084,73.49289958,-9.0723654,53.27730043,0.094580087,0.122640959,0.011742697
475,-0.15641205,0.055536591,-0.442528437,73.48006185,-9.072402567,53.27728093,-0.033685893,0.024763281,-0.006859442
476,0.260604845,-0.132506042,0.081826656,73.71118164,-9.0724344,53.2772592,-0.053307786,0.043182951,-0.022225891
477,-0.171145792,0.126460208,0.169200062,73.98905436,-9.0724571,53.2772427,0.013317539,-0.126332747,0.048935055
478,0.102447071,-0.113634219,-0.227221975,74.19573975,-9.07249135,53.27722415,0.025843956,0.137773028,-0.003123052
479,0.166539481,-0.027689599,-0.08859538,74.43375651,-9.072522867,53.2772035,0.037035474,-0.018382525,0.004510404
480,-0.104665674,0.14813386,0.039273187,74.84358724,-9.0725585,53.27717897,-0.071944569,-0.038365631,-0.005378749
481,0.011383699,-0.181241659,-0.298764923,74.90548706,-9.07258785,53.2771545,0.145344292,0.170612093,0.017050979
482,0.054407499,0.113292646,0.157340608,75.26304118,-9.0726243,53.2771292,-0.168625222,-0.144591048,9.38E-04
483,-0.121225834,0.010743175,-0.004315836,75.85540771,-9.0726606,53.2771019,0.028027746,-0.056917198,0.02166563
484,0.193734725,-0.081858677,-0.094266265,75.83657837,-9.07269345,53.27708055,0.051429717,0.033831208,-0.001042675
485,0.08450192,-0.055917273,-0.064772977,75.71722412,-9.0727208,53.2770601,-0.034742906,0.046226943,-0.015789034
486,0.079396524,-0.047897325,-0.305002636,75.81521606,-9.07273835,53.27704725,0.068916911,0.059033652,0.014477476
487,-0.039028529,0.046800361,-0.154432434,76.34454346,-9.07277815,53.2770204,0.015396388,0.046959313,0.004879742
488,0.026839125,-0.041296411,0.378572493,76.86010742,-9.07280825,53.2769892,-0.091713751,-0.019489978,-0.016249048
489,-0.09682381,0.152738175,-0.100980726,76.13793945,-9.07283455,53.27696955,0.079626444,-0.117144536,0.046464965
490,0.033501807,-0.056218119,-0.036590486,76.5526123,-9.07286395,53.27695125,-0.050105191,0.013820599,1.70E-04
491,-0.035515734,-0.042410736,-0.318034206,76.62121582,-9.0728956,53.2769319,0.071330709,0.099362288,0.006634762
492,0.218535693,0.180317492,-0.123550257,76.71090698,-9.0729171,53.27691645,-0.011613374,0.036288032,0.004911699
493,-0.096359703,-0.17116177,0.084911452,75.97192383,-9.07295345,53.27688445,-0.074975403,-0.116020256,0.002981064
494,0.099323496,-0.030863662,-0.225271874,76.16766357,-9.072974,53.2768704,0.060915092,0.024884383,0.020421936
495,0.154502041,-0.06172521,-0.170036256,76.38476563,-9.0730115,53.2768403,-0.036111741,0.103616506,0.008858474
496,-0.140680407,0.157820392,0.118336127,76.47232056,-9.07302925,53.27682335,-0.051062743,-0.174679413,0.013042323
497,-0.111736753,-0.016155054,0.012196204,76.56988525,-9.0730687,53.2767922,0.047461341,0.003900992,0.009406927
498,0.046217244,-0.066185222,-0.165660548,76.50341797,-9.0730991,53.2767716,0.065128213,0.070469679,0.004384394
499,0.124486437,-0.020159736,-0.176467283,76.30834961,-9.0731242,53.2767551,0.005433533,0.066915018,0.009246083
500,0.032674161,-0.037612443,-0.016035452,76.15423584,-9.0731606,53.2767277,-0.029054395,0.011723059,-0.00979959
501,-0.088009043,0.114839077,0.084406562,76.01397705,-9.0731869,53.276703,-0.071670264,-0.161451505,0.003801162
502,0.169677346,-0.138612209,-0.070387918,75.68707275,-9.0732203,53.27667835,0.007353117,0.049881352,-0.005852184
503,-0.0925454,0.105324016,-0.258185076,75.79876709,-9.0732565,53.2766566,0.037577836,-0.043201926,0.019441893
504,-0.016277967,-0.052103269,0.068376196,76.0357666,-9.0732856,53.2766336,-0.027510533,0.045686217,-0.003647825
505,0.090025395,0.032525415,-0.315955518,75.9838562,-9.07331035,53.2766149,0.116798816,0.01379766,0.033894857
506,0.185261516,-0.00584541,-0.728243128,76.59039307,-9.0733471,53.27658135,0.109199167,0.25594919,0.021285669
507,0.419229071,-0.130559435,-0.074800758,76.00183105,-9.0733666,53.27655315,-0.102917105,0.117692811,0.0086055
508,-0.103571511,0.120004885,0.549546676,76.15591431,-9.07337685,53.27652955,-0.105261582,-0.151964988,0.002532812
509,-0.042759377,0.184677615,0.674828866,75.38699341,-9.07339765,53.27649655,-0.134829741,-0.258510328,0.028784254
510,0.025139048,-0.179016633,-0.018211614,74.35168457,-9.0734271,53.2764712,0.105650835,0.030668769,0.017223484
511,-0.160689742,0.04495887,-0.009150147,73.86230469,-9.073456333,53.27645553,-0.073533079,-0.139719732,-7.42E-04
512,0.110882607,0.081206989,0.211669162,73.7286377,-9.07350035,53.2764345,-0.104890506,-0.229231561,0.013726755
513,-0.067259384,0.072748713,-0.503816343,73.83682251,-9.0735409,53.2764221,0.161375981,0.002537771,0.033451822
514,0.175137459,-0.145438747,-0.699798957,73.93829346,-9.073592733,53.27641,0.085796988,0.18027704,0.017202176
515,0.173695061,-0.072637511,-0.512206024,74.13946533,-9.0736362,53.27639095,0.001030097,0.161842127,0.008365394
516,0.042963934,-0.023223338,0.023374603,74.20376587,-9.0736706,53.2763679,-0.072125664,-0.106233567,-0.014566645
517,0.014065668,0.037616904,-0.006379753,74.12257894,-9.0737099,53.27634153,0.012608239,0.0795347,0.008114899
518,-0.042151051,-0.053095803,-0.077509285,74.14352417,-9.07375555,53.2763114,0.025569654,0.00356314,9.49E-04
519,-0.095275959,0.062424231,-0.029752711,74.30438232,-9.07380005,53.27628345,-0.058524912,-0.064581764,5.55E-04
520,-0.289732735,0.08814425,0.160783241,74.29302979,-9.07383775,53.2762603,0.007487595,-0.09748889,0.012333761
521,0.210489867,-0.007092605,-0.338871574,74.16534424,-9.0738788,53.276238,0.023180797,0.127615737,0.011311264
522,-0.099940082,-0.045318981,-0.063269411,74.03189087,-9.07392585,53.27621035,0.005027469,-0.047751104,-0.010247717
523,0.104511825,-0.037966847,-0.222560822,73.7414856,-9.07396605,53.2761807,0.005311005,0.047683692,0.005665368
524,0.051131093,-0.002896951,0.196120133,73.23946126,-9.074019267,53.2761468,-0.028581067,-0.061051077,-0.002527193
525,0.077716632,-0.08897893,-0.080410285,72.70239258,-9.0740784,53.27611023,-0.006966158,0.018407586,-0.010254995
526,0.016006995,0.109575753,0.108504364,72.59664917,-9.07414025,53.27607725,0.001349147,-0.068054392,0.017135361
527,0.14189667,-0.019870596,-0.186686969,72.61325073,-9.0741741,53.27605365,-0.011413633,0.04221623,-0.001618369
528,-0.008608091,-0.036387305,-0.014307234,72.20501709,-9.0742544,53.2760078,0.016280554,-0.039811728,0.002948946
529,0.058313289,-0.076858294,-0.117808564,72.03271484,-9.0743068,53.2759757,0.001641831,0.035977554,0.006366701
530,4.16E-04,0.11728303,-0.028380066,72.32751465,-9.0743638,53.2759467,-0.045020034,-0.112846193,0.002520179
531,-0.001620479,-0.117221931,-0.045790788,72.79486084,-9.0744162,53.275915,0.063962378,0.044520757,0.006074019
532,-0.163071582,-0.044407983,-0.197596985,72.71203613,-9.0744751,53.2758834,-0.034657683,0.02449557,-0.004254897
533,-0.072161856,0.124486527,0.051654479,72.87329102,-9.0745441,53.2758493,-0.019908662,-0.014400972,0.009451748
534,0.138515197,-0.040805764,-0.070285423,72.88098145,-9.0746133,53.275815,-0.010279128,-0.045116739,-0.008931402
535,-0.01396654,0.160232341,-0.232044051,72.77630615,-9.0746832,53.2757823,0.011814568,-0.071023424,0.040122898
536,0.249168549,-0.166529107,-0.121225311,72.90881348,-9.0747565,53.2757459,0.030467194,0.072056917,0.005476288
537,0.23069385,-0.103274119,0.025321578,72.96685791,-9.0748236,53.2757114,0.004708416,0.026674954,-0.001351184
538,-0.002487262,-0.087859111,0.069647698,73.74163818,-9.0748889,53.2756813,-0.042695096,-0.030802259,-0.011176443
539,-0.046116378,-0.012143483,-0.032961871,73.92999268,-9.0749577,53.2756512,0.012168637,-0.016415877,0.00998768
540,0.065675121,0.048356524,-0.018174859,73.34692383,-9.0750296,53.2756232,-0.030033938,-0.060932419,0.011983072
541,0.001114898,-0.017220635,-0.219274627,73.47387695,-9.075101,53.2755972,-0.009123317,-0.049894443,0.003337773
542,0.171193324,-0.053959771,-0.175364117,73.39990234,-9.0751717,53.2755707,0.025876575,0.031705954,0.009815628
543,0.057514669,0.026192274,-0.044800798,73.36242676,-9.0752344,53.2755454,-0.032764179,-0.026677027,-2.10E-04
544,0.002496612,-0.016465381,0.034068323,73.36920166,-9.075295,53.2755168,-0.016451831,-0.00934361,0.002799129
545,-0.069208692,-0.014175239,0.020601259,73.83392334,-9.075363,53.2754929,-0.009293761,-0.054941136,0.001098054
546,-0.008360441,0.008585411,-0.237449871,74.05651855,-9.0754341,53.2754721,0.077549761,0.044433741,0.018530223
547,-0.076287975,-0.023595061,-0.161832519,73.88702393,-9.0754998,53.2754527,0.012570772,0.026117429,0.008381795
548,0.111737247,-0.032908573,-0.20003738,74.29852295,-9.0755624,53.2754331,0.035537854,0.012031985,0.013777354
549,0.149223685,0.018929883,-0.048817725,74.30834961,-9.0756266,53.27540985,-0.031009552,0.007189071,0.002464256
550,0.113109453,-0.144170299,0.042801925,74.36425781,-9.0756878,53.2753879,-0.060908438,0.036072322,-0.016486782
551,-0.144343891,0.084634299,-0.01358542,74.49078369,-9.0757487,53.2753671,0.00549154,-0.072721521,0.01083343
552,-0.114868844,-0.011924715,-0.135826069,74.61853027,-9.0758118,53.2753486,0.006932867,-0.02774229,0.00908487
553,0.173666039,0.058891712,-0.069629761,74.46807861,-9.0758758,53.2753318,-0.058767051,-0.039334466,0.003168279
554,0.054547112,-0.062652841,-0.13996798,74.63977051,-9.0759382,53.2753141,-0.015570831,0.016681855,0.010091543
555,-0.083190805,-0.003144293,-0.154833396,75.05822754,-9.0759997,53.275297,0.04080081,-0.112072982,0.014358819
556,0.130169328,-0.082477708,-0.11578868,75.10980225,-9.0760611,53.2752809,-0.019573555,0.069676054,-0.007349484
557,-0.100954356,0.07328454,-0.067082862,75.00002035,-9.0760939,53.27527,-0.008076696,-0.02792605,0.001838413
558,-0.22719757,-0.096856042,-0.203368491,75.06536865,-9.076167533,53.27524883,0.043163376,0.014453429,0.032813716
559,0.290908397,0.058280602,-0.011205077,74.70526123,-9.0762432,53.2752274,-9.10E-04,-0.005251914,-0.00622031
560,-0.286976603,-0.013009912,-0.214574298,74.58303833,-9.07628905,53.27521475,0.02683109,-0.003181429,0.007948773
561,0.124007916,0.017571692,-0.149123016,74.42816162,-9.076348,53.27519637,-0.00397277,0.010671112,0.009534938
562,0.136261534,-0.007671743,0.022119478,74.24802653,-9.076413133,53.2751777,-0.027681926,-0.0105038,2.47E-04
563,-0.045025686,0.006186223,-0.07126962,73.53460693,-9.076466767,53.27516173,-0.002766362,-0.046240595,0.014192802
564,-0.071225675,0.016606897,-0.14480075,72.7617391,-9.076530567,53.27514697,0.027461286,0.016409925,0.03901281
565,0.290053668,-0.186970301,-0.201789197,73.00917562,-9.076594867,53.275132,0.027646914,0.043609057,-0.019900955
566,0.129364661,0.046780329,0.020881583,73.06204224,-9.0766525,53.2751149,-0.096610742,-7.25E-04,0.017516425
567,-0.038488049,-0.049446578,-0.014837252,73.05234782,-9.076696133,53.27509853,0.055888528,0.0205576,0.02611099
568,-0.019580443,0.055640602,0.010599411,73.5692749,-9.0767641,53.27508187,-0.001788979,-0.053100891,0.004482925
569,0.095465971,-0.036306424,-0.151178548,73.55911255,-9.076809,53.2750702,-0.004011451,-0.017683779,0.00263301
570,-0.04642525,-0.086662054,-0.292672501,72.9770813,-9.07684175,53.27505795,0.03769501,0.110963002,-0.002135023
571,0.159164824,0.046276333,-0.112137635,72.73980713,-9.076882,53.27504,0.015503443,0.091579558,0.018451119
572,-0.140483991,-0.05251677,0.058402815,73.75689697,-9.0769231,53.27502635,-0.079654412,-0.154490006,0.007204674
573,-0.15027907,0.076740633,0.060512016,74.58514404,-9.0769739,53.2750107,0.007371577,-0.05627321,1.73E-04
574,0.067341262,-0.094941835,-0.330874677,74.28503418,-9.0770366,53.2749982,0.094809113,0.170162357,0.015543025
575,0.151104542,0.025454359,-0.050492048,74.11899821,-9.077099867,53.27499047,-0.052559435,-0.145275479,0.009657444
576,-0.067260779,0.120362999,-0.036370576,74.32107544,-9.0771553,53.27498175,-0.060850113,0.007895729,-0.003088828
577,0.065572749,-0.062597032,-0.014291047,75.31448364,-9.07720875,53.2749672,-0.011807782,0.010836227,0.006403065
578,-0.015333379,-0.130055319,-0.217151756,75.60327148,-9.07726015,53.27495595,0.050786337,-0.023690385,0.029749765
579,0.245927207,0.106242428,-0.079948397,75.41070557,-9.07730655,53.27494685,0.045527364,0.07182789,0.022243535
580,0.084004735,-0.148086765,-0.093737115,76.64230347,-9.0773554,53.27493925,-0.05132339,0.070324391,-0.024504842
581,0.009384899,0.023645148,0.016364784,76.47412109,-9.07740005,53.2749293,0.009777122,-0.114337559,0.011718733
582,-0.045439365,4.61E-04,-0.157481582,76.16479492,-9.07745245,53.2749129,-0.02030682,0.028156829,-0.001224614
583,-0.288533137,0.070742722,0.015617305,75.71008301,-9.0775117,53.274901,0.047583321,-0.022170964,0.012600238
584,0.123843378,-0.073787708,-0.130346659,75.58410645,-9.0775617,53.2748896,0.006056688,0.036402551,0.001372361
585,0.030219102,0.035854755,-0.286849085,75.44140625,-9.0775962,53.27488095,0.009768417,0.035574123,0.004613241
586,0.166828016,-0.049649506,-0.085314471,75.15319824,-9.07765305,53.27486625,-0.02568284,-0.050946395,-6.78E-04
587,0.046413475,-0.08033193,0.133473297,74.85681152,-9.07770565,53.27484995,-0.028818378,0.041311782,-0.007173215
588,-0.054608214,0.012361202,0.098909341,75.42987061,-9.077748,53.2748368,0.018693374,-0.044501549,0.010850543
589,0.005752344,0.017350744,0.044806649,75.33288574,-9.0777788,53.27482705,-0.064343865,-0.057583696,-0.001862718
590,-0.198928504,0.081654215,-0.268694692,75.14556885,-9.0778347,53.2748092,0.054760535,-0.001209238,0.008616153
591,0.044609138,-0.081334076,-0.23899541,75.67706299,-9.0778788,53.2747963,0.021802734,0.092710746,0.001275063
592,0.158615355,0.035020461,-0.049230687,74.9241333,-9.077926,53.274784,-0.043233059,-0.093620854,0.006144742
593,-0.12458003,0.05099289,-0.205586786,75.43792725,-9.0779731,53.274771,0.082543847,0.050957163,0.010385176
594,0.155055509,-0.046172605,-0.089663094,76.0378418,-9.0780246,53.2747538,-0.011600057,0.058565357,0.00261073
595,0.045136064,0.012728791,0.104988594,75.99221802,-9.07805205,53.2747424,-0.076834132,-0.10869433,-0.003570462
596,0.187957989,-0.084092589,0.037181881,75.84617106,-9.078100167,53.27472357,-0.044520471,0.077942077,-0.005551588
597,-0.188059167,0.045923643,-0.11970856,75.2668457,-9.0781407,53.2747083,0.073458571,-0.075372894,0.045799176
598,0.055568653,-0.039807069,-0.356215745,75.67700195,-9.0781827,53.2746956,-0.00263505,0.014809393,0.007988332
599,0.058009617,-0.016214943,-0.065863282,75.48236084,-9.07822065,53.2746811,-0.028867979,0.032269326,0.008509625
600,-0.036847876,0.024336244,-0.097125699,74.94482422,-9.0782756,53.2746624,0.081043509,0.030171336,0.014759612
601,0.179050151,-0.06172574,0.181999986,75.00363159,-9.07831045,53.27465085,-0.042314267,-0.022519837,0.011345891
602,0.053833042,-0.017644901,-0.057464042,75.15078735,-9.078349,53.27464015,-1.70E-04,-0.062551411,0.0039725
603,-0.077968743,-0.01288044,-0.229913612,74.6920166,-9.0784061,53.2746225,0.030323392,0.069114132,-0.011717065
604,-0.180227941,0.066050119,-0.375065662,74.94165039,-9.07844735,53.2746072,0.110164886,0.100475488,0.040408942
605,-0.350780205,0.120547738,0.166760888,74.98291016,-9.0784878,53.2745947,-0.212122804,-0.208975044,0.007339683
606,0.03099005,-0.070978246,-0.345838799,74.81005859,-9.078525533,53.27458263,0.115326091,0.140532059,0.020206219
607,0.334019237,-0.058404191,-0.130356483,74.72363281,-9.0785744,53.2745654,-0.065361667,-0.025050975,-0.010988651
608,0.044408433,0.053555388,0.295739801,75.20739746,-9.07863405,53.27454865,-0.018782593,-0.069391429,0.015559007
609,0.341190057,-0.158832611,-0.040590031,74.97961426,-9.0786949,53.27453165,0.030364393,0.033003256,0.005720693
610,0.07813629,-0.004606709,-0.165199601,74.86932373,-9.0787401,53.2745169,0.020501664,0.035156195,0.00881589
611,-0.029449672,-0.00770947,-0.18996703,75.12805176,-9.07878055,53.27450535,0.01025359,-0.018179493,-0.001514665
612,0.182881908,0.003175106,0.044837409,76.05881755,-9.078827233,53.27449513,-0.023930481,-0.090494302,0.012480393
613,-0.040286194,-0.06501523,-0.03033826,76.52825928,-9.078882,53.27447975,-0.02876944,0.016356955,0.009859846
614,-0.020432914,0.031991784,-0.225759338,76.70176188,-9.078921933,53.27446863,0.073112045,0.070379761,0.011360785
615,-0.035135444,-0.015695958,-0.050056379,76.78515625,-9.07896725,53.274454,-0.033504536,-0.04907153,-0.017224476
616,0.086764599,-0.013830921,-0.044457707,77.0557251,-9.07901045,53.27444125,0.012368294,0.016264904,0.017056257
617,-0.017387445,-0.070711493,-0.048343214,77.00030518,-9.0790527,53.27442895,0.028099655,0.070096837,0.006837163
618,0.001950463,0.017301767,-0.239965679,77.11419678,-9.0790838,53.2744188,-5.97E-04,0.001047984,-0.003515986
619,0.177993112,-0.071800241,0.103415817,77.21096802,-9.07910785,53.2744111,-0.081252309,-0.021720893,-0.007136431
620,0.05836393,-0.070405002,-0.0696793,77.59405518,-9.0791602,53.2743962,0.014680755,-0.057393849,0.005050949
621,-0.118045093,0.059998441,-0.191615292,77.68634033,-9.0792005,53.2743878,-0.001631852,0.003989242,-0.006731631
622,-0.203924267,0.079842148,-0.027467639,78.17657471,-9.07924245,53.2743757,0.02558297,-0.048826517,0.010680101
623,0.05590533,-0.00276845,0.007357212,78.23028564,-9.0792799,53.2743684,-0.024583691,-0.010332404,-0.003149472
624,0.054713062,-0.015116425,-0.100182491,78.19689941,-9.07932395,53.27435945,0.041167772,0.04832285,0.016331323
625,0.035335449,0.026494215,-0.173788425,78.4815979,-9.07936125,53.2743479,0.020162649,0.025796905,0.005652132
626,-0.039244591,-0.018647509,-0.01628909,78.79777018,-9.0794026,53.274332,-0.026835985,-0.02006973,-0.011200415
627,-0.0817637,0.027029269,-0.041143308,78.88085938,-9.079442633,53.2743181,-0.015626515,-0.011745725,0.012378587
628,0.155554285,-0.020784955,-0.24094251,78.97231038,-9.079482067,53.27430643,0.088923533,0.056679842,0.024917344
629,-0.126237348,-0.019054191,1.87E-04,79.28814697,-9.07952435,53.27429395,-0.111347296,-0.02930939,-0.015265528
630,0.062595315,-0.087894902,-0.129213433,79.45098877,-9.0795615,53.27428073,0.056867093,0.067598791,0.003742569
631,0.115647888,0.082673345,-0.002007909,79.14678955,-9.0796085,53.27427025,-0.051989522,-0.116057966,0.010259318
632,0.044797782,-0.10416935,-0.253436482,79.09452311,-9.0796427,53.27426213,0.074491089,0.088526158,0.011379242
633,-0.008438562,0.123585944,-0.063984338,79.00744629,-9.07967875,53.2742539,-0.041765657,-0.061196894,0.003385707
634,-0.204234831,0.01343416,0.020475539,79.31770833,-9.0797241,53.2742384,0.004558118,0.079648081,-0.006242429
635,-0.19316433,0.06592443,-0.176906414,79.91001383,-9.0797642,53.27422277,-0.010433592,0.008380792,0.003441632
636,0.01514132,0.021703239,-0.143928862,79.96560669,-9.07980565,53.2742135,0.070264308,-0.060207305,0.023574399
637,0.136962446,-0.235126715,0.104681531,79.87642415,-9.079853333,53.2742024,-0.081995333,0.070917089,-0.014875575
638,0.085811002,0.087562575,-0.209695905,79.40157064,-9.0799067,53.27418667,0.001847499,-0.088740021,0.006954706
639,0.061828475,0.063826966,0.101608741,78.50891113,-9.07996765,53.2741723,-0.040551256,-0.048459005,0.006461653
640,0.058663014,-0.050629474,0.110375333,78.15454102,-9.0800161,53.27416203,0.009618122,-0.001343587,0.011664018
641,-0.048741566,-0.095165486,-0.360809327,77.23919678,-9.080067433,53.27415137,0.078449333,0.087069146,0.00725794
642,0.167186294,0.085888991,-0.116127918,76.92068481,-9.0801158,53.2741376,-0.030428587,-0.056831975,0.003990241
643,-0.267912252,-0.043788046,-0.111189046,77.01986694,-9.080164,53.27412695,0.031999204,0.064296688,0.007302763
644,0.173233458,0.064723339,0.218470332,77.06848145,-9.08021915,53.2741133,-0.099247277,-0.064483232,-0.006891424
645,0.045761813,-0.060875718,-0.32896738,74.60339355,-9.0802795,53.2740981,0.091838531,-0.035047046,0.025765575
646,0.05729087,-0.081611671,-0.091738493,73.96716309,-9.0803345,53.2740851,0.03501321,0.117844611,0.006466979
647,0.107777179,0.029784316,-0.21002137,74.09448242,-9.080375067,53.27407517,-0.054790769,-0.02427048,-0.004494239
648,0.101652912,-0.048018303,0.074800583,74.42871094,-9.0804443,53.2740553,-0.036511242,-0.02746532,-0.013812974
649,0.15856343,0.014893622,0.018610999,74.58740234,-9.08048805,53.2740425,0.027854167,-0.032252049,0.019271155
650,-0.363879586,-0.027189016,-0.13892032,74.60186768,-9.080533533,53.27403133,0.010520143,-9.27E-04,0.003891705
651,0.164332075,-0.014344945,0.059469198,74.31341553,-9.08059035,53.2740158,0.018781258,-0.006943022,0.005079476
652,0.200750029,0.00160357,-0.12023011,74.25419108,-9.080643167,53.27399883,0.010675474,0.095816886,0.007795843
653,-0.08168921,0.001189098,-0.234373595,74.08773804,-9.0806822,53.2739855,0.010320403,-0.013299983,0.021271478
654,-0.015619717,0.012572794,-0.156773494,74.07794189,-9.080736967,53.27396977,-0.006532223,0.025844366,-0.004866027
655,0.099854203,-0.024500227,0.205988006,74.56280518,-9.0807872,53.2739521,-0.046277046,-0.06989477,0.002645346
656,-0.039465339,0.110880243,-0.115817578,74.65533447,-9.08083675,53.2739374,0.006844218,-0.029944854,0.008723993
657,0.231939576,-0.112534981,-0.063139756,74.54916382,-9.0808877,53.2739249,-0.026689515,-0.01629604,0.006264579
658,-0.114680303,0.022112299,-0.109553635,74.43522135,-9.080928967,53.2739173,0.074372431,0.003252343,0.023645592
659,0.08675626,-0.126000814,-0.159676777,74.49438477,-9.080974,53.27390965,-0.030180914,0.077835974,-0.018526765
660,0.06329883,0.005603409,-0.118774204,74.77502441,-9.081026467,53.27389663,0.001830255,-0.0311538,0.016035712
661,0.118025092,-0.026224623,0.079487075,75.01385498,-9.08107065,53.2738859,-0.09703216,-0.047352947,-0.013570075
662,-0.234627939,0.078168435,-0.32135889,75.28613281,-9.0811079,53.2738748,0.114388659,6.68E-04,0.030680421
663,0.060779659,-0.028678328,0.056832387,75.1829834,-9.08115475,53.2738619,-0.031848055,0.030904364,0.008091165
664,0.068008995,-0.019293838,-0.069302226,75.07989502,-9.08119735,53.2738492,-0.028849333,-0.003861749,0.008174066
665,0.070782999,-0.030180228,0.019275083,75.41851807,-9.0812467,53.27383275,-0.04032006,-0.062435395,0.006614565
666,-0.0647932,0.002827497,-0.158421433,75.62301636,-9.0813095,53.2738154,0.118716295,0.01590422,0.008070205
667,0.058887963,-0.052326415,0.08513926,75.92956543,-9.0813597,53.2738061,-0.080829077,0.009846957,8.08E-04
668,-0.007209505,0.009310207,-0.510742058,75.43505859,-9.08140365,53.27379925,0.133693902,0.151264585,0.035825646
669,0.144795717,0.038792882,0.1489411,74.93878174,-9.0814442,53.2737911,-0.214783094,-0.252006894,-0.008499969
670,-0.182784733,0.005462061,0.029575112,75.11962891,-9.0814851,53.2737791,0.073436369,0.009071737,0.015199956
671,0.055224754,-0.033027973,-0.104452474,75.23376465,-9.0815279,53.2737687,0.0218652,0.058717159,0.010709397
672,0.036291936,0.02106118,-0.283708197,75.06036377,-9.0815601,53.2737616,-0.013588273,-0.045396449,-0.003732202
673,0.08736936,-0.073093338,-0.148252268,75.48443604,-9.0816142,53.2737495,0.02250702,0.034389204,0.003300488
674,-0.130426986,0.072387851,0.17536594,75.9553833,-9.0816541,53.2737372,-0.045696474,-0.116128364,-0.002089482
675,0.095859323,-0.071633911,-0.156857848,76.01690674,-9.08168995,53.27372775,0.058345147,0.101455528,0.00825929
676,-0.086657097,0.069659318,-0.187950831,75.85943604,-9.0817287,53.2737181,-0.054888328,-0.021826173,-0.009256279
677,0.005008175,-0.006092839,-0.01867763,75.92993164,-9.08176255,53.27370735,0.01058672,-0.105565116,0.01248306
678,0.040838015,-0.005111346,-0.277522811,76.65844727,-9.0817969,53.2737017,0.007766431,0.077479109,0.014123566
679,-0.074719765,0.010386684,0.072583985,76.36413574,-9.0818398,53.2736934,-0.008462353,-0.058493391,8.32E-05
680,0.002263905,-0.034954123,-0.073924275,76.34991455,-9.0818809,53.27368355,0.003995401,0.061979528,1.42E-04
681,-0.075751683,0.039795592,-0.11149229,75.67773438,-9.0819199,53.2736756,0.019303057,-0.020244101,0.008465592
682,-0.043249424,-0.098827696,-0.404938039,75.56677246,-9.081966,53.273667,0.086433485,0.12171418,-0.005557178
683,0.155432903,0.00474377,-0.008627576,76.23738607,-9.082003567,53.2736606,-0.075792808,0.011294553,0.007239484
684,0.081285024,0.058550553,0.036657057,76.63262939,-9.082054,53.2736479,-0.031981209,-0.119077988,0.00383312
685,-0.203394559,0.102614289,-0.172021178,76.67889404,-9.08211115,53.2736371,0.059363819,-0.007642881,0.007925051
686,0.118908482,-0.079768767,0.034640839,76.54150391,-9.08216,53.273631,-0.01809284,8.79E-04,0.01930341
687,0.03740024,-0.13167505,-0.198640351,76.59262085,-9.0821908,53.27362525,0.035614244,0.121947483,-0.0068568
688,0.074847281,0.05380837,0.004719658,76.62835693,-9.0822625,53.2736124,-0.014950311,-0.034083275,0.009867837
689,0.169078404,-0.059385281,0.04955834,76.63650513,-9.08230735,53.2736031,-0.085063288,-0.06683746,-0.013032665
690,-0.157059132,0.065309935,-0.020496589,76.49841309,-9.0823634,53.2735918,0.05836184,-0.045617939,0.017588889
691,-0.052734123,-0.009899206,0.003680695,76.52703857,-9.08240185,53.2735864,-0.017104803,0.029672748,-0.007698357
692,-0.040265493,0.0079929,-0.420056551,76.16534424,-9.08246795,53.27357705,0.084112737,0.055996068,0.01464623
693,0.264787301,-0.044431419,0.031534762,76.03015137,-9.0825125,53.2735701,-0.08909531,-0.047225959,-0.008491979
694,-0.095726687,-0.012941521,-0.105132818,76.20498657,-9.0825492,53.27356335,0.04895377,0.024098811,0.004708165
695,-0.071476077,0.028346334,0.163250222,76.51669312,-9.08260265,53.27355405,-0.074400001,-0.053356551,-0.011634507
696,0.109258833,0.036171757,-0.128404822,76.31362915,-9.08266585,53.27354285,0.066876037,0.013572744,0.012441871
697,-0.102293825,-0.05402431,-0.111686633,75.59844971,-9.0827007,53.27353755,-0.008247136,0.029470351,0.018006449
698,0.109707826,0.011350846,-0.25043357,75.31817627,-9.0827614,53.2735247,0.03599592,0.02921735,-8.73E-04
699,0.11910839,-0.035108387,-0.080565742,75.57977295,-9.0828252,53.2735104,-0.035929801,-0.01362048,-0.008673549
700,0.02956864,-0.017466421,-0.008441685,75.52923584,-9.082866933,53.2734999,-0.0102232,0.005243595,0.001614709
701,-0.026147776,0.112673179,-0.146538592,75.42785645,-9.08292815,53.27348585,0.064742871,-0.012710789,0.011629741
702,0.054611589,-0.139937053,-0.191354999,75.28611247,-9.082980867,53.27347717,0.033130359,0.080078354,0.00820869
703,0.15948737,-0.021370312,-0.473349257,75.2545166,-9.0830393,53.2734642,0.082728423,0.206709761,0.022087254
704,0.079497222,-0.030934949,0.134827202,74.93264771,-9.0830771,53.27345035,-0.127042663,-0.015411864,-0.014508054
705,0.011032827,0.110707675,0.570646292,74.74700928,-9.0831312,53.27342345,-0.110906952,-0.170240589,-0.001425011
706,-0.157950542,0.110462742,0.352049809,74.99261475,-9.0831746,53.27341175,-0.014697307,-0.145973222,0.010664122
707,-0.13799204,-0.03341238,-0.040040809,75.09277344,-9.083238933,53.27340027,0.063647499,-0.007121452,0.026270232
708,-0.065751258,0.006251892,0.106375737,75.16772461,-9.0833045,53.27339655,-0.07478028,-0.086994461,-0.009612245
709,0.00206458,0.088516273,-0.123276483,75.21394857,-9.083367933,53.27339463,0.005132572,-0.131743964,0.019670926
710,0.13764581,-0.048703534,-0.483600658,75.36846924,-9.08343985,53.2733941,0.107933507,0.10303642,0.017043073
711,0.138363794,-0.078706422,-0.52332799,75.13157145,-9.083498667,53.27338977,0.0108557,0.083953252,3.28E-04
712,0.045669805,-0.034538708,-0.391506595,74.93673706,-9.08355845,53.27338085,-0.014492698,0.064792404,-0.010100052
713,-0.103712851,0.033312874,0.036174257,75.09240723,-9.0836323,53.27336325,-0.018529594,-0.01277001,-7.79E-04
714,-0.038855627,0.086022911,0.002060222,75.34924316,-9.0837059,53.2733488,0.006638547,0.002688069,0.032903368
715,0.429897381,-0.118721151,-0.069928853,75.18485514,-9.0837657,53.27333773,-0.013032835,0.017890936,0.008283254
716,0.240752938,0.084643679,0.197067955,74.70516968,-9.08383405,53.27332455,-0.032378018,-0.04953758,0.005707979
717,0.007901757,-0.183405154,-0.048579086,74.03481038,-9.0838972,53.27330997,0.051901699,0.004283327,0.013351562
718,0.139904848,0.00929307,-0.055604671,74.1635437,-9.0839627,53.2732968,-0.011498854,-0.018024425,-0.006694351
719,-0.17045527,-0.237887368,-0.286112224,74.15093994,-9.0840199,53.2732848,0.060102121,0.136737242,0.00249062
720,0.206235726,0.121015878,0.094484324,73.87316895,-9.0840729,53.2732714,-0.052863039,-0.08527185,0.004565483
721,0.088858131,-0.005594527,-0.218677057,74.35231527,-9.084142667,53.27325607,0.037979444,0.072705413,0.011120836
722,-0.114185199,-0.194829106,-0.067836351,75.03540039,-9.0842001,53.2732419,0.026323321,0.006609792,0.013937142
723,0.134072986,0.153380314,-0.207752343,75.20916748,-9.08424655,53.27323245,0.008341916,0.018830504,-0.004578618
724,0.079596552,-0.065525322,-0.005856583,74.92276001,-9.08429155,53.27321915,-0.015456308,0.085702947,-0.005426688
725,-0.034375633,0.04800992,0.041797725,74.89552816,-9.084351033,53.273199,-0.006157798,-0.004433902,0.001064117
726,-0.024503785,0.107083178,0.116842446,74.78775024,-9.0844013,53.2731828,-0.017560206,-0.096731423,0.015809342
727,-0.086970102,-0.155454717,-0.175140676,74.57208252,-9.0844476,53.27317197,0.023218085,0.053199092,3.07E-04
728,0.09643115,0.033196308,-0.27375216,74.60386149,-9.0845117,53.27315453,0.04101966,0.08812273,0.009652144
729,0.02323109,0.008594184,0.047836281,74.8482666,-9.084555,53.2731379,-0.066383894,-0.019981846,-0.001772832
730,-0.022265686,0.058310089,-0.039467476,75.07969157,-9.0846014,53.27311673,0.013285898,-0.02712349,0.012903308
731,-0.083699919,-0.045318465,-0.01149337,75.17373657,-9.08464635,53.2730999,0.020717378,0.034956458,0.007463001
732,0.199722595,-0.038319975,0.205494572,75.1280721,-9.084688133,53.27308613,-0.026078751,-0.033006169,-0.010925371
733,0.051172029,-0.042792206,-0.363050529,75.2732137,-9.084746667,53.27306647,0.137108066,0.087817493,0.030352851
734,0.035384061,-0.107424491,-0.133722058,75.5668335,-9.08479235,53.2730519,-0.051413039,0.119975164,-0.009235188
735,0.200804996,0.041512737,0.05739289,75.60113525,-9.084830833,53.27303043,-0.014295173,0.017302377,3.01E-05
736,-0.072916222,0.028943353,0.135334753,75.69256592,-9.0848733,53.27301095,-0.007568035,-0.059423231,0.009132802
737,0.199528385,-0.039677936,0.024074647,76.03920492,-9.084915133,53.27299473,-0.010508504,0.014769844,-0.003864047
738,0.023585316,0.003599415,-0.191868513,75.73834229,-9.0849574,53.27297755,0.045122559,0.009142456,0.027734966
739,0.149852068,-0.085843511,-0.130146889,75.73693848,-9.084987,53.27296415,0.019308327,0.120159736,0.00241943
740,-0.044579831,0.022848291,-0.037740386,75.97595215,-9.08501575,53.27294765,-0.011578754,-0.047111449,0.011146152
741,0.114840044,0.024044145,-0.297961983,76.05814616,-9.085051233,53.2729228,0.078572841,0.087044282,0.012858485
742,0.617627577,-0.108253698,-0.56751601,76.21948242,-9.08508685,53.27289735,0.199591097,0.502204997,0.099230127
743,-0.077499272,0.153051353,0.713818817,76.14689128,-9.085100767,53.27287717,-0.386414677,-0.412901814,0.009370011
744,-0.004014916,0.021495051,0.018773441,75.86227417,-9.0851102,53.27285655,0.125507348,-0.042679946,0.050619492
745,0.300231851,-0.095597944,-0.014152863,75.93295288,-9.08512355,53.27283995,-0.058154737,0.071931747,0.00803292
746,-0.159837444,0.043325608,0.455514823,76.01306152,-9.0851406,53.27281835,-0.123007183,-0.184215578,-0.01025035
747,0.101864944,0.075945539,0.450276933,76.14530436,-9.0851753,53.2727976,-0.090733156,-0.343923158,0.106061127
748,0.093847424,-0.195402453,-0.280474767,76.33554077,-9.0852163,53.2727873,0.100910413,-0.02583347,-0.066331794
